,logistic,LDA,random_forest,SVM,logistic_lasso,logistic_ridge
test_f1,0.3357664233576642,0.3357664233576642,0.3357664233576642,0.3357664233576642,0.3357664233576642,0.7204129285977633
test_accuracy,0.5054945054945055,0.5054945054945055,0.5054945054945055,0.5054945054945055,0.5054945054945055,0.7252747252747253
train_f1,0.2876712328767123,0.2876712328767123,0.2876712328767123,0.2876712328767123,0.2876712328767123,0.6400854423452866
train_accuracy,0.40384615384615385,0.40384615384615385,0.40384615384615385,0.40384615384615385,0.40384615384615385,0.6401098901098901
test_f1_never_met,0.0,0.0,0.0,0.0,0.0,0.6835443037974683
test_f1_ever_met,0.6715328467153284,0.6715328467153284,0.6715328467153284,0.6715328467153284,0.6715328467153284,0.7572815533980582
