,logistic,LDA,random_forest,logistic_lasso,logistic_ridge
test_f1,0.3275452121748678,0.33013933466000267,0.28389371634654653,0.33167101254884307,0.3480357424497256
test_accuracy,0.2857142857142857,0.38461538461538464,0.45054945054945056,0.34065934065934067,0.38461538461538464
train_f1,0.3199206552226341,0.3245150905059035,0.3907197953523556,0.3285874235725611,0.3274334786531761
train_accuracy,0.3708791208791209,0.4697802197802198,0.5604395604395604,0.3983516483516483,0.4423076923076923
